{
    "rouges": {
        "rouge1": 0.8246132609487649,
        "rouge2": 0.4028450906479985,
        "rougeL": 0.8244843615468446,
        "rougeLsum": 0.8246020015406301
    }
}